Cycle,A1,A2,A3,A4,A5,A6,A7,A8,A9,A10,A11,A12,B1,B2,B3,B4,B5,B6,B7,B8,B9,B10,B11,B12,C1,C2,C3,C4,C5,C6,C7,C8,C9,C10,C11,C12,D1,D2,D3,D4,D5,D6,D7,D8,D9,D10,D11,D12,E1,E2,E3,E4,E5,E6,E7,E8,E9,E10,E11,E12,F1,F2,F3,F4,F5,F6,F7,F8,F9,F10,F11,F12,G1,G2,G3,G4,G5,G6,G7,G8,G9,G10,G11,G12,H1,H2,H3,H4,H5,H6,H7,H8,H9,H10,H11,H12
1,-8.671035436,-3.865449046,-18.19211794,-14.94444338,-18.76923042,-17.366833,-14.79564245,-19.38879003,-16.82408543,-18.6786285,-20.68456072,-13.31695812,-12.54864359,-10.77256047,-15.56465561,-11.35736975,-13.21632591,-16.57651779,-10.79884242,-7.861561166,-13.62142147,-22.63550593,-13.58196824,-9.711721262,-17.56825733,-15.74009025,-12.94198354,-13.38477576,-18.39962856,-18.1323305,-17.30426274,-16.96833538,-21.09639467,-23.70337542,-20.36396983,-19.06608558,-12.45643385,-16.83972946,-14.49812894,-11.62966444,-12.13262195,-18.0539729,-16.06074031,-15.70089538,-19.29694085,-21.87827497,-22.59327102,-22.57471291,-14.4934774,-13.44627337,-35.67375422,5.205868781,-11.75164091,-14.73629491,-11.91315293,-11.82447886,-22.35600977,-12.01357617,-22.86797045,-17.98696415,-12.27199105,-13.0133983,-12.80018962,-10.10556896,-5.880858845,-11.92950942,-9.99465305,-9.879219544,-7.019616158,-9.975256159,-14.05277123,-8.913446354,-10.93615793,-12.09675838,-14.34090775,-11.31462201,-10.1992894,-14.53369245,-12.28539723,-7.692445397,-6.745204659,-7.237340908,-6.12712428,-13.19941266,-11.08327677,-6.967246382,-9.754565386,-10.39455643,-9.738541718,-11.95585006,-9.193937235,-15.20030068,-7.762586376,-8.947743438,-13.35660286,-11.07266609
2,-5.84815337,-7.018936014,-9.083118312,-11.09655644,-10.57209886,-15.53520664,-11.8857995,-13.91110753,-12.81694981,-8.753446513,-5.778596136,-4.57898277,-6.424024413,-7.831023292,-10.68244221,-12.5413113,-11.05905288,-10.12978438,-9.69541225,-10.91986385,-11.14939949,-12.95179982,-14.34647425,-6.962104361,-10.40482954,-12.04036308,-12.04681086,-6.072450308,-8.426506261,-9.855275445,-10.80295899,-9.037143519,-13.49526198,-13.43134492,-7.980289572,-5.144184074,-4.82604254,-13.18030632,-12.1037407,-10.82605265,-12.32096003,-9.84415805,-10.39403874,-11.58443104,-12.62322507,-12.2286217,-12.54258722,-10.67671876,-7.802751561,-8.236206177,-21.95136524,9.350941205,-8.126801296,-9.258156664,-7.173137976,-7.853477286,-15.42919691,-5.933982192,-14.41178079,-7.272266496,-6.264954875,-6.85563708,-7.16328568,-4.227274082,-5.09228824,-8.214578949,-1.604049057,-4.359516815,-3.954097099,-5.896746093,-2.513473587,-4.215888894,-2.692873415,-5.356641991,-1.949210277,-7.708420643,-1.828001418,-4.977200724,-3.490858366,-1.674783407,-1.675656146,-3.772838084,-1.357592877,-0.963484677,-4.861638887,-6.919647675,1.276142453,-3.230698172,-5.252079975,-4.933411964,-6.252610943,-6.825535833,0.241187204,-4.687695265,-4.892570752,-2.514510186
3,-3.326510764,-4.516978079,-6.934463167,-6.14942068,-9.374535875,-7.994074919,-9.656261073,-11.57051452,-3.848250889,-6.242267893,-2.653465876,-3.410583257,-5.6385084,-6.151329182,-10.38062486,-5.541426275,-8.875857018,-4.637401471,-4.352516113,-3.546434265,-2.469555822,-9.692085712,-5.481011613,-0.649387244,-5.726697263,-6.981465481,-8.596674351,-8.334244252,-6.04907072,-6.969349848,-6.135612981,-7.567787568,-11.6189664,-13.32266811,-6.093679115,-1.533931033,-5.132455592,-7.138434307,-10.87990767,-9.039212507,-8.447231948,-7.999599666,-7.977513144,-8.020957638,-8.140229065,-8.293893189,-10.09526087,-5.555391117,-1.666433021,-7.863004343,-8.951113826,-4.321562237,-0.638154159,-1.665933297,-2.59556717,-1.498762065,-10.85815051,-8.01353165,-7.675752752,-5.716110685,-0.409719981,-2.611793035,-5.124019539,-7.512482873,-3.847139569,-2.935296258,-4.281926147,-4.659902127,-0.362546133,-3.009177956,-1.826917639,-0.57682288,-1.963290796,-5.177702365,-2.322155943,-2.931504965,-4.369022249,0.099944132,-1.272731703,-3.478230979,-0.809141732,-0.265781334,3.258718048,-3.285291902,-3.312670813,-0.089463234,1.144340716,-0.812376335,-1.652790217,-0.592781771,-3.157643233,-0.584131357,1.636125704,-1.10401391,-3.079977894,1.859206217
4,-0.769360377,-4.873009309,-5.109257349,-5.620011458,-3.242555789,-4.153319324,-8.129316289,-6.417380956,-2.699430654,-10.81375615,-0.526721858,-5.242397331,-6.973264989,-2.462195861,-5.584767602,-2.403887548,-7.110711428,-5.970701614,-2.535754255,-2.640499732,-2.781348095,-5.955497038,-1.787437193,2.906203791,-6.292032258,-5.254215647,-6.25336053,-7.136087191,-5.874211855,-6.638804899,-5.891981582,-4.73225665,-8.551721112,-5.418129207,-2.841807507,-0.82956521,-5.130149111,-9.789846728,-6.562929405,-5.357979689,-7.045652574,-6.919686759,-3.320782632,-2.600179984,-7.554900422,-5.684995503,-2.091168294,-2.91285046,-1.902031616,-1.630773641,-4.262409581,-6.403443999,-1.314261151,0.177454379,-4.003706216,0.155953246,-5.400760775,-2.594048097,-2.840653163,1.358446955,-2.424546428,-1.60179955,-3.035285801,0.682801144,-1.833248848,1.906637058,-0.363772309,-4.267913047,0.545552244,-1.468855508,0.497910039,0.341764795,-1.381092347,-0.447597553,0.597067517,1.630261278,1.766243256,0.507067279,-1.378115783,-1.306441033,-1.424300909,6.700421157,0.13634505,-1.653650772,-0.660629489,-1.069021183,-0.554296735,-0.536331496,-1.075317536,0.041211328,4.927994261,1.694892451,1.595730939,-0.695132798,-0.655902328,6.044040816
5,-3.371945109,-4.248195125,-4.788005527,-4.246865607,-2.519814667,-2.713396971,-4.193280212,-2.663346565,-4.667416728,-2.051855907,-0.536549831,-0.80223956,-6.034662344,-5.624207355,0.453636104,-1.046693374,-3.506533438,-2.015705592,-5.707900797,0.714816169,-1.014949265,-2.115506331,-6.120711307,-0.591198384,-1.463612982,-6.614348048,-4.112449022,-6.671570765,-3.591899576,-6.062452342,-7.219598311,-3.059350721,-1.987555614,-9.41895624,-9.102923859,-3.885618707,-3.328387134,-3.471775953,-1.423281374,-2.144301844,-8.728202292,-3.256777744,-5.472724091,-4.911095941,-8.571224482,-5.102372798,-1.156239747,-4.209094072,-1.889597748,-1.634572209,-5.008108365,-7.079839106,-3.340283221,-1.19140311,-5.592533126,-0.727029968,-4.69589256,-0.449315689,-3.245291158,-0.957550632,-0.331951759,0.433800255,-0.720564179,-0.074723545,-0.421066778,-2.156499542,-0.168865142,-4.209099183,-2.3580717,-0.318867351,2.963470809,2.622986947,0.923888094,2.117464363,-0.976294181,-2.476826596,1.645776405,1.177573219,0.498742896,-1.71123007,0.89587281,-0.39342514,0.154050246,0.038049177,1.864946901,1.874961025,0.562578989,2.563046603,1.483828215,-0.121888107,2.795364232,1.107407829,1.556606637,1.768488106,5.123480272,2.973866878
6,0.729868392,-3.059141544,-3.364135491,-4.740070649,-2.950061995,-3.291172791,-4.252817912,-2.909303886,-3.509181773,-3.005112778,-4.144695119,4.332328481,-2.148812109,-4.022051213,-3.632957986,-1.320178326,-3.835886364,-5.83111917,-3.336891885,0.318629376,-5.134307594,-1.584084421,-6.759400766,-4.294155043,-1.253316954,-4.438024982,-0.032507847,-8.916862017,-2.034207402,-2.458100846,-3.692197678,-3.760103255,-6.012824389,-3.342389742,-5.475822183,-6.720732782,-3.547897467,-3.724036192,-5.284174189,-4.605628199,-1.495214128,-3.054857027,-3.77139225,-2.816379535,-2.281178964,-3.530443743,-5.63308852,-1.231368858,-2.039966288,-0.426597594,0.733106059,-12.56609589,-0.004288794,-6.189184501,-3.104189016,-2.003842414,-5.245996769,-0.18107599,-7.40337708,-1.196995686,3.158419477,-0.588496211,3.818612293,1.720810483,-1.120761843,-1.585987333,-0.791953244,1.644945254,1.700796132,1.409106138,-0.523716061,2.875108773,0.537379974,-1.131336908,3.112557359,2.765757507,0.820070995,0.303512837,1.186291447,3.616199503,0.543087275,-3.227731015,0.592951785,0.062571686,6.145199574,2.89492223,-1.846417944,1.212852652,4.584704195,0.097766461,2.548594261,1.425943993,1.905187012,5.19273454,1.337907924,0.096656866
7,-2.427017504,1.400949452,-0.183543378,0.331075233,-1.662505932,-4.263120122,-5.053943717,-0.779739154,-1.581145734,-5.988100496,-2.643550539,-1.946057426,0.102407847,-0.845268532,-1.737788524,-2.002188623,-1.230441237,-1.319289154,-2.743862152,-0.803655776,-8.483705295,-4.365480076,-2.835214351,-3.161787762,-4.223902883,-3.989323384,-0.796883006,-0.170856983,-1.883837496,-2.856665215,-4.552913991,0.01867664,-6.779230663,-1.508920492,-1.125762982,-1.163052131,1.150709282,-1.230807095,-5.488478281,-0.404263976,-1.320602957,-0.910163799,-1.848566475,-3.30848205,-8.579562233,0.046690543,-3.27882382,-5.937023125,-0.333610076,-0.986798508,-0.662807836,7.065265181,1.73210239,-4.268121555,2.715662439,-2.237425963,-2.70017488,0.640544818,-4.262480868,3.789628242,-0.738116505,1.91406892,0.989653786,1.090650639,2.129983191,1.375267095,-0.599741781,5.741551852,2.852374053,-0.241744682,5.017549072,0.597499289,5.687706045,5.953423988,0.321766028,2.401779992,0.467490205,-0.816981868,-1.954646,1.130723961,2.483483594,0.932942709,1.617385001,0.73626865,1.341366861,-0.250541074,0.793873028,4.638662525,0.608270015,-0.832774618,-0.159698038,0.604677846,0.857514568,0.433656835,-0.021949632,0.796364578
8,-1.079823643,-2.699199228,-1.223224803,-3.342946656,-2.984011327,-1.234409212,0.319051866,-0.450961948,-3.216022965,0.129980903,-2.515505516,-2.227167469,-2.592755433,-1.436992372,-0.433786392,-3.590307228,0.415651278,2.252315696,-3.326252624,-2.177610668,1.121861325,-0.271204426,-3.317910949,2.468989657,0.027930759,-1.155534054,-2.94357361,-1.549981834,-1.732053614,-1.363269707,-4.734686961,1.820111774,-2.573542445,-3.679373324,-4.475941505,3.30116685,-1.856837614,-2.614950858,-0.696819285,-3.460156432,-3.394297158,-3.903764116,-3.672209472,-2.823899309,3.030276808,-7.763188369,-0.086170026,-0.290101792,2.21352735,1.660112361,0.331186091,-9.953595511,2.81125392,2.675235054,0.295594197,-1.716918345,1.902015626,-0.768782956,-1.746532357,3.257657838,0.36205932,0.708494229,4.066180618,-0.195869847,1.212669436,5.17533004,0.543284813,3.310119737,0.527923399,-1.302061683,-1.341053338,-1.242737859,-2.459249007,1.540653654,0.163781831,0.323143209,2.974851041,-2.423411041,-0.929228992,1.877437928,0.944491934,-1.486302138,3.921263448,2.68854265,0.551531148,1.926477368,0.75120798,-6.138740286,3.783980548,2.378548827,-0.715470158,1.538270917,1.794557883,0.794992667,4.26634358,2.012181713
9,1.02015437,-3.593943328,-1.409940954,-0.423983004,1.133471172,-2.361205338,2.190588927,-3.193863528,-0.84087986,2.245719987,-1.271335212,1.6129902,-0.091391755,0.543357843,1.850722595,-0.185018795,-1.380098901,0.497249162,0.87971454,0.085557176,0.3734313,1.843172502,3.116622376,-3.162313941,0.212761079,-4.354009594,3.66397066,-1.00066719,-7.926582573,-2.596660858,-0.522683645,-2.034846073,-2.846283504,-2.182616466,-0.177217611,3.450001679,-0.524380883,-4.319178332,0.452049129,-2.753685541,0.494632694,0.416946154,-1.317521334,-0.583131827,-1.679502948,4.290371,0.670852511,-2.565921227,-0.222266439,-1.35154682,-2.644867679,20.59228537,1.424823798,3.707165466,4.179958346,0.546307106,-0.510497209,0.707399879,-0.645793785,-1.32429877,-0.330203247,1.687700261,0.771436799,1.963594266,2.88102453,1.086575543,3.469414472,4.527306376,-0.682356794,2.937363552,2.480481451,1.448247735,3.848557826,0.086602735,3.7291491,0.134393401,-1.291566206,3.869151245,2.454016131,2.428956183,1.609153274,3.697002982,1.750229262,5.825672329,-0.892310476,-0.426402211,2.726729546,2.28803188,-1.252998909,7.071820756,0.280016702,0.685622838,-0.185705401,-0.743234011,1.2876727,1.110714081
10,-0.796112437,0.695533222,-2.613693886,0.854701334,2.015769906,0.359511732,0.004530387,0.187821076,-0.303666297,-1.915952014,-0.206626822,-3.073826884,-0.774513006,-1.376699015,0.180838777,-0.042697385,0.688336382,-1.542718456,-0.44226078,1.576066121,0.199167137,1.769852744,-2.436109697,2.65282404,-3.905177311,1.767206358,-0.725436713,1.283919072,1.717857064,0.05101878,1.679007558,0.381426142,1.06522221,0.110787899,2.043343082,-0.944550954,3.100843394,-2.072598345,-0.015904204,1.918589305,-1.451376023,0.131944762,0.566263021,0.736867944,-3.320923712,2.632269291,-2.940729645,2.182299296,1.151003327,6.698457996,0.921397609,-3.606971781,0.676795473,-2.161436827,2.743931903,2.68471369,-1.376938282,2.704724491,2.873420654,4.595867639,1.558582841,2.995808032,-0.455750263,3.323411309,0.577656808,-1.265062009,4.142145491,2.173221782,-2.577689051,1.994905608,0.817548358,-0.094710677,-0.614426636,3.99255348,1.310195171,-0.507295173,4.377294905,-1.243290758,5.128207293,2.550889498,-0.813476434,2.443856197,-1.561648888,-0.603806707,1.648623928,1.46236816,0.547613743,1.012857898,-0.065387485,0.049892669,-1.069101229,-1.156468675,-1.949523114,-1.997275792,-1.149637155,0.475198377
11,0.668201253,0.953605872,-0.116745012,-1.030719606,-2.573095429,0.892330661,4.476635014,-1.864707023,0.869946479,-0.571776253,3.511385882,-2.832255487,0.634910327,-1.843617733,-2.838091232,2.170960707,1.291646782,-0.124022948,-2.749858581,2.136365951,2.116645216,-2.123383756,-0.204766486,0.896029815,-0.856396881,3.961011306,-0.85898561,-1.163769822,2.03990522,0.224244644,1.608989442,0.312268971,2.183512894,2.866534666,-5.208914357,-2.571954241,-2.984185613,-0.259726296,-1.708570686,-0.772708837,2.000653571,-0.271378896,-0.516877642,3.290970387,-0.660789155,-0.691546475,-0.11437356,-6.838340564,0.666572082,2.310683375,-0.754258731,14.63220496,3.455883783,2.177613399,2.590095214,0.318504536,-2.154403569,3.269511613,-1.307957521,2.709176553,-0.13181359,0.279802835,1.134879428,2.459708624,1.187483038,2.577923992,0.630256132,4.020829545,2.287702041,5.3500027,1.029604751,-1.590344189,2.979169334,1.968724107,2.973193526,3.197880611,1.674395711,0.725593531,2.288106059,1.738913776,2.488417575,3.640695008,5.293503525,3.335404367,2.020315968,-1.195368451,3.410134953,2.057016598,0.020303119,-0.588272999,-2.561549631,-0.655842922,-4.465467144,0.434911998,0.495173752,-7.307749986
12,-0.06454311,-0.296607833,1.880103154,1.357346213,-0.61758568,1.10896568,5.513931794,-0.91737665,2.520576566,5.385674474,-0.916986036,2.898671757,0.094287707,-1.630310551,-3.73059758,0.523321687,3.258732778,-1.259903849,1.25697189,-0.590476206,-3.050710402,0.001641381,1.084297953,2.26203289,0.60647114,-0.671225507,4.361257814,0.082347605,0.825333186,4.129878311,4.99991578,0.403077125,0.843290149,1.547524937,4.419727497,0.002014887,-0.656326131,-1.083348143,1.104835549,-1.239745579,2.421498072,0.837992815,2.429758366,1.787992296,-1.272265923,-1.476471383,-0.7567813,-0.691183325,2.748056717,1.114168065,5.984004781,3.085028122,0.213949734,4.529312156,3.251471655,1.253277017,3.577905853,-1.487071328,1.243650495,1.727724099,3.692604327,1.989657831,3.202959751,3.387549756,1.238383035,1.853149426,1.224360156,0.803907029,1.800099573,0.496441193,3.036993525,0.453207683,-0.939222526,1.948757002,1.633713229,1.684445098,0.940837405,2.837897853,4.033826485,2.82826695,1.432707055,-2.915290957,0.560515317,4.683514516,-1.477043995,-0.337939661,-2.235129668,0.806485672,-0.057731954,-0.849148911,1.110952347,2.674837966,0.487492153,1.522299673,2.492557852,-4.273952173
13,-0.267886734,1.887636546,5.648100824,1.488967759,2.610665767,3.018402561,-2.251096264,1.920936246,2.399760441,2.026597984,-2.991138736,2.610449739,0.872422232,2.377382601,1.432408536,1.465222304,-1.272553688,2.161619293,-1.279767928,-0.228732683,-1.308510715,2.650861934,2.152449856,-2.126334925,-0.376243428,0.44354895,1.245977435,0.731717413,0.727983288,-0.543175127,-0.87285439,2.760469587,3.366230575,-2.672910988,2.161142534,1.687034865,-0.192699173,1.729391994,3.023507693,-1.084780866,0.530447836,-0.981539509,0.89131067,-0.868694811,3.595415774,-3.721676388,-0.941413353,5.397564187,0.438373469,2.536541583,-0.154050351,18.5422034,-4.888434669,2.592131528,0.935545675,2.287488722,1.538919191,4.454342809,-2.054694457,0.683056308,1.191277405,0.861450366,2.554855734,0.341312132,2.386929438,0.716834277,3.417064471,2.782448988,1.484864789,-1.063426857,1.47162806,4.935924739,0.074072582,0.321189643,-4.480881661,3.569718827,2.221430116,0.602531964,1.869649418,2.481874513,1.270686051,3.017104389,1.449381562,1.158262896,0.198290229,2.177134369,1.988848947,2.764280443,0.643546833,5.604239262,-0.890997227,-0.570650268,-0.587694383,-0.363875766,-0.580858983,-1.011963422
14,-0.192387331,-1.711665969,-4.633538478,0.465941871,1.465909478,2.510680702,-1.464376695,3.91100468,-3.348407638,2.143139489,4.908256889,0.738452515,0.258909398,-0.77221155,2.089509164,1.991404051,-1.600616523,1.477753419,2.043613206,-2.355587874,2.443166378,0.720809556,2.480881383,1.975333087,4.284444959,6.578482927,-0.20514167,-0.56898168,3.99834657,0.211483998,-0.486798539,-3.042425717,-0.019661288,2.821359243,4.30399522,0.898689427,-1.969512523,0.764107721,0.604033539,0.349034857,3.678945908,3.262524066,1.314934825,-2.089734799,-0.223871261,1.529335174,-0.571813017,-3.357757848,4.696555714,4.514182052,-0.180143215,-3.06225242,2.085227403,-0.298905026,-0.824364731,0.443380262,-2.876894509,3.332986224,-1.368015135,-0.265773217,-1.921819036,3.827801339,2.622809745,-0.875976117,4.136571937,2.860699492,2.223462854,-3.645923518,4.323861601,2.705484946,-3.321496795,-0.462706034,3.977699103,-2.149001925,2.287019049,1.058565612,-0.98786294,5.687761023,1.612319905,2.32135534,1.512835195,0.109039187,-3.966359891,-4.34751333,2.779686323,-0.500385241,1.958095351,1.392150676,3.630875479,-1.955774185,-0.541837323,-1.369573863,1.699271837,5.413189478,-5.87901042,-0.62963298
15,-2.673301351,1.423638803,-1.11652616,4.779124536,0.864523276,-0.258628335,3.651905389,-4.094228091,-1.484691588,2.486985308,-2.812573283,1.165670972,1.626874756,-0.648705662,4.655624874,-1.376559886,2.298955721,-0.655835371,-2.332582391,-1.386425889,3.790969525,2.413754632,2.733983411,0.741220507,1.497144011,-4.873920706,-2.147666776,0.007962528,-3.521489965,1.128541546,1.830043302,0.897426982,-0.176862295,2.536519034,2.531916647,4.460320159,-1.626114241,2.283868134,-0.177409754,3.846715651,2.850354311,1.859474587,-0.540988343,3.189464744,-1.1219309,3.600281317,1.483096164,0.279984874,1.085726035,2.763851003,3.537026799,-3.379981851,3.514172029,6.601945564,2.880092895,1.390308572,2.406706199,4.346701169,1.834690578,1.645718931,0.519129798,-1.864135235,1.418349597,1.828266494,1.587467115,-0.700187089,0.97080808,-0.155465736,-1.335507173,3.303868519,-0.121810631,-1.312633781,-2.817363837,0.196221164,0.449502148,-1.002676951,-1.727010524,-2.643034064,2.556652058,-2.184464064,3.960500384,-2.754812036,1.405324808,3.235378865,-2.346319642,0.48637956,-1.483766115,-1.950082726,-0.469599907,-1.591516426,1.861499856,1.026665405,2.001140997,-2.472529436,2.252317672,-1.358626336
16,2.131263358,-0.01654886,1.691370156,0.914088315,-2.241833566,3.015082278,2.497495979,2.377392244,2.65517733,1.629879077,3.004942277,-3.212767333,3.140352597,1.027691391,1.651033026,0.382121624,3.054677813,1.195314096,2.820214828,-0.300062614,1.61179667,-2.927769767,1.775809474,0.414612523,0.018028725,3.706058548,-0.53382449,4.233205109,0.30595453,-0.581091681,3.809065088,4.180211805,1.845291983,3.451693317,2.327124967,-1.472012423,4.484464873,0.168852555,1.254077756,0.791275898,2.192910892,3.220459509,1.498365078,2.27393711,2.602071103,-0.919176,1.968329998,2.149238335,-0.041643998,1.523391425,-0.438126385,-22.67969665,0.245047329,2.387123482,2.012359164,4.985025785,3.0788838,2.547537982,3.287758505,1.59672138,3.386140731,2.374939607,2.115611913,3.481831968,3.300147256,1.462831469,3.558911212,4.863815366,0.774372417,0.502990985,-0.505805454,-1.54217916,-0.746964688,1.056814262,0.919700778,0.385063405,1.30404532,3.693289037,-3.389366776,1.121610961,0.472241388,-1.880164006,-1.774105649,0.928624905,1.23218055,1.234150864,-0.381428819,-2.376394023,2.380801528,0.324444031,3.640625788,2.623032104,4.25925472,2.719765373,3.20014876,1.699314111
17,-1.471640528,4.329908481,-0.694258146,0.512501512,5.233082075,3.748499274,0.327888274,4.912135489,1.767475853,3.186287813,0.626410254,6.873004271,-1.744560049,1.946670626,1.304152307,-2.126535754,1.105490977,0.495511674,3.522596519,3.66036524,-3.613176275,1.948171243,1.247633547,1.63262621,0.930092172,1.70501562,-2.281124022,2.329676869,2.32108151,0.72154781,3.370410404,0.321049725,1.767966781,-0.540340554,5.283386103,4.754740244,3.118124503,1.223016578,2.2269082,6.224010369,1.701799006,3.368635913,4.585215191,-1.319622761,4.813383524,0.508266615,2.219868906,5.854966989,4.157447268,4.798921414,5.440998325,22.49782895,0.392565807,1.179631667,7.461563497,0.977842994,0.172285488,5.330996627,-3.141797071,1.466230104,0.772027664,3.045611266,2.842861276,1.716504931,1.413117493,1.168154374,-1.214596704,2.730852307,0.663605659,0.726461041,2.763427228,-0.26811482,2.217473211,1.228865385,-2.138916025,2.246094854,0.31273733,-0.578164249,1.863536578,1.611263555,-1.25354289,-0.481997765,-2.474983901,5.089611887,-1.704853102,2.83989529,0.741402073,2.737986425,-0.115879997,0.755230336,1.540616921,5.024436224,3.992441239,11.31904221,12.5997241,12.86659215
18,2.015946931,3.108198661,5.262453436,-0.145032493,3.609819754,3.869669621,2.682022748,3.126981767,5.333441488,-0.717040114,3.003189116,0.437813518,1.874458591,0.779757318,0.487230184,-0.936089156,-1.591706867,3.136648362,3.893175548,-0.24934763,5.171377854,1.864194202,0.790264996,4.49174753,2.069660768,0.272372688,2.313921304,2.735080946,-0.932471268,1.850204416,-0.835468489,2.300211461,3.392368003,4.793870748,-1.197272534,-2.371487848,-0.833988136,3.525659994,5.609527808,1.455991552,4.322837007,-0.732998579,-0.853730808,0.623051355,4.181173594,2.203702022,5.24240462,0.009854417,0.67756551,2.042637904,-0.059496935,-5.476717903,0.25632243,1.5199372,0.321213195,3.508896024,-0.249291719,-0.334964896,4.631296015,0.206972942,0.898235912,3.61869672,-3.054693725,0.120167477,2.425974735,0.03670605,4.087156909,-2.581758775,4.310695314,1.846498815,-0.419100864,0.155135972,-1.758431655,-2.558574599,-0.352532727,-0.703024553,0.000997773,1.406208405,-3.902065266,-2.877371119,0.157436434,0.285459483,-3.435250962,-3.276928374,-0.805625611,0.586609658,0.986774824,5.72811393,5.462701603,3.642152924,15.46136386,15.66695487,9.744909435,28.42478085,21.04356496,17.15270793
19,-3.130139158,5.382316708,1.482084001,1.58739002,-1.292087421,-1.963182207,2.180279701,0.176738971,0.421906261,1.552587703,1.635327535,3.720244785,6.519327576,1.922844408,1.563376788,-2.8812581,1.12162578,1.084544071,-0.180988154,2.243717112,1.143082243,2.032957183,4.514569482,-0.901379198,4.025042922,2.618005206,-0.171800469,0.102595138,3.295224872,-1.916992595,4.592915131,1.316793789,3.058054076,1.858780329,0.978323028,-0.560461455,4.847909727,0.759259161,5.904486241,-0.213141445,2.446753646,2.130191051,0.941253616,1.666401187,2.959047671,-0.164068164,3.635887374,0.880812146,1.77352583,1.039731594,5.164028586,-5.972976542,1.490900037,2.359968712,1.84617291,5.193048869,2.601213096,3.128672087,4.3932058,2.582168375,1.842610507,-0.528748013,0.128470491,1.510362548,1.872609534,0.977135084,-2.358547322,3.260374585,-1.111960888,3.395137004,-7.415424216,1.66008602,0.927148934,0.252450911,1.540391661,0.514583021,0.507334207,-2.770182757,-1.601518707,2.645789546,0.52956331,-3.207775757,-4.847865166,-4.299976206,4.012402553,6.517574223,3.430217383,10.70551696,12.1921847,11.85977978,27.63247203,31.29810637,27.51644694,51.10755929,50.90292598,44.95963922
20,4.04127837,2.456778465,1.79366219,-3.620888186,0.367675246,2.698698106,5.785088118,1.161938833,0.921328416,1.698379037,1.814782925,-0.55290232,-0.325338473,1.004583492,1.807563835,1.411926282,3.42420931,5.865833944,1.399359178,0.876872754,5.024854161,-0.862376155,0.184297672,4.148459775,2.26368544,-0.344996571,1.737767642,1.967704963,4.491035879,2.901421161,0.865484474,3.664216734,-2.205703233,3.695510527,3.308132759,2.307573977,-0.614547693,4.194901324,-2.011947781,4.962482367,-0.174507112,4.015447973,4.230140943,3.113905303,5.912217703,2.754954607,-1.320394471,-1.109065927,1.216799041,1.562468496,1.637195141,10.76815382,4.005908724,0.047657521,1.821597186,0.69185204,6.475976781,2.648500086,-0.045563218,-2.198025199,-0.057776767,-1.268873968,2.883313991,-0.018146409,-0.436077386,4.901546489,3.693179759,2.575388593,-2.344012609,-1.966507091,-1.303487653,-1.507297403,2.859968737,1.261303913,1.068521051,0.522026008,0.155277723,0.105064292,1.097250061,-2.138592055,-4.192291803,2.217498681,-2.716328882,0.039407932,7.820493193,12.50734312,12.66772606,27.04412277,26.12561898,28.48584034,55.49770805,59.08553078,55.09697196,120.9792266,100.1348215,98.03558742
21,-0.210228802,-0.54850201,1.732937505,2.608929986,2.768722368,4.668280091,0.13777709,4.984407488,3.034536042,1.708064733,0.447619624,0.204121376,5.128423065,2.006607741,2.064773848,2.189144108,5.362576143,2.313566964,6.14963609,3.185005348,-0.676768277,3.447711678,5.971111252,-1.501934534,0.143705484,2.988019953,3.651966379,0.022774458,3.728530628,2.397019347,2.160013821,4.909857405,5.389993141,4.641849283,1.101819835,-1.063917847,0.361556431,2.637481558,6.861743897,2.677278554,3.117410727,2.665379934,2.847152543,1.204095324,4.825367626,4.087428202,3.524078212,7.109449425,3.697676733,1.332763432,2.303596067,-2.345864689,5.237565169,3.10157166,3.301181003,0.722982013,-0.806502283,5.06104537,6.084193624,0.344397137,1.031578569,-0.956478343,2.321931607,1.21735527,-0.778157135,-1.736812909,-0.227327133,-1.508092207,3.892309585,0.756848619,0.08070668,3.910386612,0.689701292,0.05643643,1.275181244,-3.697382028,1.620338318,0.096942909,1.318491255,-0.836033135,0.116197607,7.265719852,-3.600538457,2.29937411,22.85518821,25.88552498,24.49466919,52.24126967,50.58986375,54.2483767,115.9602713,124.5064088,118.488963,224.2885064,216.3145877,222.6416785
22,3.213695507,1.509305424,6.053689975,0.79624594,4.753896193,-0.679440928,-1.447405635,4.175849795,3.307134506,1.071313143,1.579630411,-0.385856758,0.597708821,3.721399739,4.901289837,2.419006955,0.626642411,2.718292975,2.720693985,3.868544179,1.338990505,1.103209273,1.4789463,2.275553817,1.712483373,2.962039553,3.747603437,4.469887214,6.555350049,0.371721068,-0.611151189,1.559328599,4.630120632,-0.361153567,3.00034519,1.097114144,1.237259209,3.190387507,3.399626465,1.909820676,2.862218587,3.673747492,3.889160859,1.975640781,2.953166748,3.776604094,0.684232846,6.470151764,0.46099801,1.680569725,-0.74435674,3.819794146,0.267846228,-0.409541035,3.075216986,0.196753527,2.443938154,-0.96222676,7.476611712,-0.451284277,2.037915366,-0.506969773,-2.440586678,0.751637902,0.017668713,-2.216926293,-0.998798022,-3.501833415,-4.690430558,0.182146592,0.753010029,-0.117507499,-1.045843609,3.09772259,-0.294667472,2.171315602,1.46911822,-1.144074331,3.589811923,1.20285809,3.551695393,4.129510356,7.68960774,9.962975677,36.3724388,40.63698443,46.32950326,94.49002319,90.81042235,94.66594901,183.0303513,194.8268894,188.8346196,370.1698243,358.4490782,369.650098
23,-0.302855336,2.136166659,3.461675065,5.510891935,4.304525707,5.391996357,3.489895747,0.682174016,2.70166489,1.67199489,1.758448931,4.985719026,4.086528704,-2.064107006,5.635472092,3.635534268,4.576498814,1.582210337,2.105865565,-2.1952292,0.345749248,5.285841137,0.925783131,-6.210353664,2.152383731,-0.055559615,0.983966796,4.031657637,-0.567330377,2.53077364,2.265584995,0.651834313,2.218657935,6.892000331,1.242303325,0.609542808,1.476895364,4.356104916,2.696744523,0.867855211,3.322517036,1.214829402,3.056257307,7.741417535,2.327113187,2.709516479,2.939543344,2.361058127,-0.362271731,2.134480299,1.011459483,-0.019687294,-1.622687492,-0.350380883,-2.085409762,1.273245993,3.705071925,-0.220366913,2.121245648,-0.810307327,1.777984417,-1.211329435,-2.898848138,-2.000444954,-1.751639953,0.866416994,-1.990921126,-2.458292193,-0.126153558,-4.211230324,1.918360371,0.194668133,-1.682913044,-1.337372928,-1.980824131,3.943887771,4.845185769,-0.080086589,7.829114995,3.39569604,1.605233021,12.18076314,12.32250192,20.11121829,54.23513085,53.34749706,55.70477319,130.7745345,124.7238525,130.7896998,244.5948687,259.9974715,254.829654,525.9320331,510.9972557,517.6107499
24,0.372085206,2.165390335,1.315431203,2.0047314,-0.293914675,-3.506313345,1.760369778,1.506935931,-3.33728889,5.529096935,2.553562684,2.426298139,0.40660734,1.360511305,0.968728498,3.574839644,4.092890262,-0.465288715,6.052474757,-0.288936992,0.38738782,1.94343927,4.090975145,1.443956764,2.921190021,0.662395959,5.443659206,6.249113766,2.350498675,7.211861624,4.742005787,1.789461453,2.940019155,4.907559219,3.154959598,-0.112133429,2.003878427,6.724744847,3.033753791,8.195471324,-0.728922716,-0.468999379,4.660112113,0.250883678,3.603014513,3.787312872,4.325323789,3.980018358,1.134724916,-0.693429751,3.491991117,-13.20766869,-1.819017016,0.675903264,-2.849638401,-0.630369014,4.721649358,2.653724928,4.194661317,1.444093892,2.247595505,-0.456091599,1.114118085,-2.776135357,3.104106022,-0.077800893,0.206549384,-3.003994332,2.44826325,-4.677523488,2.786746776,2.508997351,2.200827966,2.807937763,-1.408321524,8.953549801,6.726859834,8.508082402,16.5323158,14.62907506,19.32013539,31.99299473,26.24668885,33.5386211,61.44537741,60.47883043,63.81710754,157.1855786,146.8786973,158.1861117,287.1278481,303.3628782,296.1394865,647.3528753,627.2202094,628.6129286
25,3.396765973,1.020838444,3.353384102,4.098281683,2.879556468,0.727848839,3.846045569,-0.25740535,4.908625875,0.396595476,-0.497442304,0.794982677,2.931363447,3.806576054,-2.345415423,4.954599413,1.37990085,-0.258341334,3.11839215,2.667625411,3.460854278,1.318445684,3.999884501,0.272872746,1.181928942,8.702655462,3.535032112,4.992212259,2.215044925,5.829390258,2.344178362,6.492025914,5.070095739,1.471392115,3.826584888,-1.078091317,1.002574336,6.305561586,5.254187103,2.644018755,4.404064105,6.89310142,-0.0702001,0.838436125,5.376689286,2.258929107,2.67213841,4.836451331,0.985874996,-0.924004493,-2.288003764,-10.08850712,0.967321757,1.093250487,1.568610358,2.144744174,4.462255983,1.220131821,1.740364874,-1.616533999,-1.881686341,1.247288537,1.293414384,-1.168095326,1.906515495,-1.0408202,0.245524034,0.255062071,0.210736225,3.091196627,3.456315323,0.035421305,11.70026376,4.256396448,8.494090241,16.93780712,18.36416884,16.30942129,33.65867308,33.93992983,35.7779114,62.51923011,63.23302311,67.19223881,66.14340276,62.36364132,68.31906971,169.5425484,158.5716742,171.8953702,307.1424441,324.0666393,315.6578865,712.8309172,692.930223,689.586233
26,5.116096534,-0.776235693,2.854190519,4.004097284,0.75423656,1.317173593,0.682392158,3.202809772,1.928229822,3.002691791,-2.176547737,3.566423846,-1.049120368,0.758600487,3.0073657,2.936401184,1.770622712,2.774531881,5.41624533,0.429780422,-2.56846288,7.465506355,5.052769817,-0.966619953,3.226358574,2.750381293,-0.727237626,6.054708457,1.674463708,3.478277372,3.780757293,2.434374206,5.647949494,3.617200496,1.269360981,2.120496621,4.432045176,4.764543096,2.047736659,3.888529245,2.570837749,0.832188849,0.287238433,6.781085079,6.401153566,2.289238993,3.186237303,-2.244479642,1.538456215,-1.131192861,0.063763836,5.563180443,2.55041479,-1.802496525,5.719632492,-0.38331954,1.306439384,2.385960797,-0.373979775,-0.017278619,-1.068343209,0.099869984,-0.753871995,0.787215107,-3.266853663,-0.115981315,-2.771516083,3.674822072,-1.147030063,1.72526439,1.441036718,1.492700712,15.66013818,17.58208136,14.94273138,33.43739061,34.83878323,35.70778564,77.74695434,69.62346145,75.94899454,149.3871821,152.0415689,160.6505754,68.63321998,62.2066953,66.88360317,173.415504,161.5429681,177.4105907,316.5783845,331.3655405,321.0018452,738.9900831,718.8164741,713.7150417
27,3.604260615,0.626880701,2.755798948,4.768158397,1.453499158,3.410915908,1.413031266,4.370487207,2.519129984,4.768795536,-1.157866849,3.109508325,3.662019916,1.853892476,2.142336703,-0.764399686,4.32041391,-1.564918321,-0.679633444,2.969782576,2.462655261,-0.336760171,2.975381171,1.219889704,1.724958538,4.680307368,4.856587787,-0.366441814,1.503794315,3.377287231,1.94440886,-1.689395242,5.859385855,3.82528537,-0.742420191,-0.704812329,5.483690916,2.172078044,1.915780454,2.495875926,-2.824464021,1.347506281,4.342193466,3.029182211,-1.734447549,3.907351314,2.091004842,2.294770481,2.916455946,-2.680356945,-0.452876161,30.73912266,-1.842453981,-2.151638686,1.130027073,2.572780873,3.154001202,-1.912147821,2.519206518,1.953097392,-2.264832478,1.803362231,-2.498673319,-0.4509124,-1.248658893,-1.025521042,-0.701813622,0.402215552,0.982298829,6.747314201,-0.107155941,4.641645386,31.08269019,31.63557094,34.67295968,74.3089228,73.00522515,73.98762139,155.1897836,138.7570813,157.5672352,272.3400304,275.7035936,286.2050189,68.45536955,62.37222448,67.89678425,173.9715926,162.0727484,178.2868186,317.3694364,331.9187354,325.2041411,745.7697879,727.4678224,723.5945321
28,1.536846718,3.86413037,0.247288866,-1.207330094,1.656903069,2.451710558,0.543990664,7.386560274,-1.346993632,4.977572115,5.060638589,1.605257033,1.71441264,3.012592071,2.972971729,1.101088906,0.760947049,2.826092735,1.934695379,-3.902860422,1.360912887,7.224054017,-1.810264319,1.576896324,1.506399804,-2.307909284,0.784225869,3.413337571,2.747353109,3.560564688,2.367307106,0.238660477,1.71655715,7.340568365,1.875073307,0.103158344,2.963088362,2.848143842,0.944631755,1.705029873,2.25571608,2.143026006,6.680736136,2.902328504,1.861444151,6.850257241,-1.695382565,-0.175218707,0.490228595,-0.630028685,-0.75320173,9.078968392,4.027816147,1.754987858,-2.207129041,0.957145802,4.729612455,-3.130572965,1.829062316,-1.694497064,-0.723764728,-1.578585437,-0.593040929,-0.68144764,-0.436150252,2.794142506,2.720686066,5.725271669,2.737095148,11.41106171,9.094027869,10.29614555,44.87388825,55.83853397,54.7066156,117.7054687,112.2731529,115.1110891,238.365203,209.8622399,243.5429956,427.2401722,426.4515114,441.454661,66.8126638,62.8083321,68.57547733,171.8635561,160.928729,177.8253863,317.7974477,331.5756962,325.2456529,747.7589136,729.7544667,723.8525515
29,2.360711692,2.902359781,2.193031487,2.22714022,3.902236076,0.80562875,4.402053974,2.967009241,-1.492898143,4.704062578,5.830037822,-1.754780633,0.002304999,2.994784341,2.894640388,4.526836536,3.264400319,0.069974849,-0.857595273,4.364630021,1.020774017,5.334952299,-1.685856126,-2.046758057,4.948382811,10.09595089,1.256300955,-0.049856992,6.259310452,1.962404274,1.318945064,4.93510028,2.633849027,3.214163391,2.885110144,5.484245303,2.170230466,-0.687925295,0.460200161,0.331964087,1.716635068,1.75462065,1.058548459,-1.328024841,3.892991018,2.732381528,2.255603414,4.604705429,-2.134802056,-1.205661098,1.406937521,12.29051405,-5.04730898,-0.274995992,0.029225308,-1.644531305,3.209454718,0.770397642,2.126784259,-4.669078778,1.285050876,1.466610152,-2.315489598,1.894099707,2.215569974,2.325146074,5.988179884,9.363328678,13.68323718,21.14942424,19.7960053,25.44897096,58.22083592,66.02566461,67.93940288,151.4057652,139.986254,147.6999786,312.3702901,270.0884119,320.7037201,574.2061522,566.4648508,583.4953549,65.46396339,61.29573984,68.57489992,171.1095558,161.4231922,177.0230727,315.4358131,331.4911753,325.0936139,747.7190526,731.9108134,724.8976823
30,-1.250055132,3.053405543,2.280696539,4.732451933,-0.991657558,3.421771532,5.387996452,2.163357897,-0.200870828,1.581058197,1.152004587,0.109722034,5.549177871,5.124335948,2.137750443,3.33306125,2.76639522,1.761146462,3.525292311,2.290776336,1.267708561,2.172645417,2.162962762,-2.235895436,1.53579894,-1.405128987,0.648275489,5.571359365,4.728344831,1.318054163,2.137575599,1.286670331,1.583593145,4.341155294,3.539786882,-1.284327713,4.676373106,4.127457892,2.652048596,3.349674874,2.503089074,-1.183524713,4.485920393,-0.410866112,3.220303566,8.061495273,-0.297769386,2.589919671,0.816420024,-4.610172216,-2.238983131,35.60746715,-0.749105319,4.765953707,-6.48108758,-0.642717224,2.202580198,-4.789693671,1.830687285,-0.077768659,2.356980151,0.300502752,5.570161072,4.5099673,1.853625705,8.01863362,17.79600562,23.31205515,21.65858087,41.52660479,46.64767299,46.47767772,66.60744442,73.83014936,75.58238191,172.1320483,155.442491,166.0417031,358.3904858,307.2163256,369.1594049,673.4412356,657.3475634,678.3397737,63.52868322,60.03913833,66.22418607,169.895075,160.960069,176.5262497,315.4423016,332.0532696,324.3339726,749.9617227,733.548423,723.6244983
31,3.62779917,1.198038667,1.414369699,0.892947509,4.453814597,1.702272545,1.147444376,3.07331186,1.233504803,0.745967159,3.239876663,-3.102935459,-2.778955433,5.310279706,0.755203571,2.770159146,-0.236216309,0.679201639,2.21850511,1.960043534,3.021472619,0.469080549,-0.568410721,2.906865545,-0.439394395,3.440962723,0.553235321,3.294388668,5.026329298,1.266496814,4.114836428,-0.639016967,4.453515344,2.231618496,0.471802067,6.600783546,-0.655585651,3.557441474,-0.60293943,1.533194043,4.310449315,2.613763113,1.708827954,3.538658084,2.353404613,2.613363062,2.693585001,4.77481276,-3.495965742,-2.846125676,-2.210444479,29.01947941,-1.859095561,-2.914269975,-1.756525565,-1.384593113,3.611907672,-0.088040891,4.501813761,1.69193292,4.945741093,7.38920127,10.40336213,14.57458232,10.18595053,21.09614143,42.17065247,54.77118284,43.36866994,87.98431678,90.52262212,108.1281567,70.04328422,78.08276839,74.99794334,181.3880486,160.9651177,175.4033065,378.9737021,320.4809626,391.5813882,721.7910119,699.664292,722.7478586,62.99641478,58.63028691,64.5674793,169.3882904,161.2081587,175.9172661,314.8824875,332.9490409,322.3042047,750.4483806,735.8699838,722.5476068
32,-0.292376269,-2.870285351,0.439793065,0.515064212,1.818073472,1.611528752,1.609038996,3.798196092,2.565200333,-2.388152353,-0.086277576,-5.303949256,4.986484336,5.024297942,-0.87804544,-0.069368387,4.224309457,3.087134252,-0.739482787,0.243104117,2.567610009,3.340766596,6.048946938,3.522556852,1.952860159,2.024016811,-1.431241812,3.525418088,2.959029416,4.704525499,3.165095917,-0.006101582,5.209971238,1.093385355,0.275643797,0.333391278,2.29402688,0.818651668,-0.388863539,2.468634949,5.814464756,2.765826178,0.088511637,0.902227635,3.049549145,-2.039580126,5.283526955,3.198151907,-3.223696545,2.654590326,0.599672884,11.97461153,-2.411071686,0.732720119,-0.434568145,-2.30443086,5.085811442,-2.608294518,-0.017078002,1.040299137,13.14295346,14.40347761,17.71309015,34.61796953,24.89614957,42.74637035,84.65123904,133.1710858,89.10989482,196.8401396,196.5982368,203.8547161,70.32400299,80.70130908,77.61547619,186.6392722,164.2019884,177.4300079,386.2188089,326.7885563,395.6994191,737.8407114,714.3771867,740.0565919,62.4695584,59.4415032,64.197451,169.5886257,160.4898281,174.7930399,315.1813666,332.0028514,323.3761955,750.7880114,735.3902233,722.2633896
33,1.18261457,3.129561057,1.06697638,-1.507699327,2.008130627,1.533583936,2.539763171,2.940196943,3.7496376,0.979944644,3.13608363,-1.277723012,1.578235003,2.234139589,1.711791504,0.80481171,3.114117062,0.372894998,-2.034970423,0.705096165,3.33908746,1.718156402,2.647434911,1.758296167,1.336678829,3.156616294,5.543540822,2.693014357,2.138755135,3.791866472,0.362409316,-3.414010412,1.93872455,1.328271738,3.288202275,-2.458100524,0.815919942,1.627175685,2.518408727,1.714812839,-2.145905012,-3.419849442,1.748686257,2.64459269,3.687164133,2.411924639,3.247792246,3.567388348,0.415496474,2.848385524,0.149336073,-2.805879963,-0.829597829,-2.99548145,0.267083555,1.474010035,5.531518829,1.422557787,5.230064356,4.758831154,26.95961754,35.05970431,34.74067131,67.56527545,48.20582106,80.37672282,169.3109035,228.862545,174.1604488,338.2233928,336.8307177,348.6909265,69.6366093,80.0971982,78.49746844,188.6322221,163.6705949,179.0463991,389.4592222,327.0769184,397.1229511,743.271406,717.1383508,745.4224522,62.88161314,59.37640979,64.30384188,168.8751878,160.5180925,174.9849497,315.0867311,331.2830983,321.7730352,749.6541245,735.6956967,720.905103
34,7.732871791,3.025789996,4.294375563,4.892042175,4.013413327,3.845880346,2.102723909,1.524570012,2.07789469,2.662724058,1.105801456,-0.45684458,2.663605856,1.187160127,1.322444747,5.293428576,2.77008949,4.547511224,4.484649074,3.796253793,-0.157805322,0.806908185,0.055628916,4.28894862,0.521442386,0.029653686,2.468699536,5.414330299,-1.037262212,2.610758611,4.136185586,-0.941672448,1.768410245,5.158986501,2.053928882,-1.120611213,2.409251906,1.173917899,1.815292821,0.501336704,4.681410185,1.320466879,2.365044087,-0.298353845,-1.800580559,5.915261809,5.01040581,5.539672191,0.294855056,-3.085940202,2.317548486,6.006017653,1.810055147,-0.915508258,2.349546689,-1.58946225,4.067345881,6.985439967,0.865259985,1.05336058,46.6082481,55.93492295,54.06090019,110.4180001,82.35515462,121.8162832,254.3132456,301.4936764,254.7888101,503.5184842,501.8436714,520.8489871,67.19272073,78.97647014,78.84312434,189.822107,164.1249423,178.5233993,390.5634692,328.4124809,396.6018274,746.3381898,717.4128066,747.6749236,63.86790214,59.18190229,65.24670071,167.4296017,160.2806037,174.5708312,314.8740011,329.6373327,322.1792292,751.1250701,734.8856756,721.4513644
35,-0.824319915,0.231459196,3.568612613,2.110272281,-0.441595643,1.223363674,-0.064968373,2.825046998,1.400689164,0.076528534,-2.683043081,0.070010543,0.226075716,1.801620651,1.031180032,1.908591619,0.758969545,5.057601824,-2.068927986,5.528779771,3.079609472,-1.075514374,6.229477162,-1.847296751,3.700930069,1.366243822,5.841994789,2.022106905,0.636955008,5.319713608,4.141605629,3.448130336,8.199257356,-0.920708038,2.769000396,2.817896859,2.721273834,4.144518425,5.303772687,3.174822877,3.746336148,4.831670234,-0.552938285,4.262487409,2.781664937,2.963817387,5.799558168,1.041551111,0.40447703,1.830471368,0.004115035,21.3275456,11.29281444,9.860004723,10.15701789,3.165450772,-0.80806369,19.88343984,-1.182090314,6.95559556,60.38093693,64.38776376,66.76446485,145.3931978,104.056022,152.7112843,325.3741325,343.6657379,320.8708054,643.0853771,640.7090026,671.366183,67.03819146,77.3898369,77.48859559,189.2990638,162.4029869,177.8476075,389.7925679,329.024927,397.7959712,747.7041807,715.7191632,747.7170195,62.29109474,58.49418175,66.36067673,166.386848,158.6444636,174.6322553,314.5169437,329.8873687,320.8698936,750.9282174,734.5289881,721.7071795
36,0.529204257,2.597712406,2.091719341,2.562315393,1.340856866,3.470935798,2.597472788,5.640767389,5.209760367,-0.177211756,2.922257873,-3.604029029,4.05986449,4.785789336,1.659871135,0.123877212,1.35052745,0.548405152,-1.204027648,2.620978427,4.191295023,-2.026018558,3.15257528,2.473102129,-0.837910752,7.260887324,2.438633262,1.596252713,1.252113959,5.799904814,-1.481886413,3.158080459,5.125768,1.640012808,0.338328327,3.482633778,3.138716213,3.890959912,2.81722992,1.080200438,2.198776332,1.793421021,2.51617241,5.87062437,-0.049651806,0.420793083,3.93916415,3.686285666,1.604551659,1.514740649,5.859858732,48.2346379,25.75440283,13.3371839,27.68877392,1.435579681,4.548296227,38.34361374,4.337889641,19.187466,69.21831403,68.74544387,75.37603876,165.1610142,117.7076193,171.5265485,366.1018964,362.4247907,357.5285737,730.3587088,726.8978041,767.1354249,67.23517588,77.50792771,76.23872576,189.3867142,163.4091742,176.162668,387.6553646,329.4791338,399.145512,747.9431198,717.0954583,748.7990808,61.90333453,57.38966641,66.42097317,165.6999227,157.0499941,173.5022604,315.3964988,329.9185607,321.7211555,751.8379999,734.2796167,720.2425297
37,-0.174977055,0.188200834,2.457535645,1.701570488,1.364890569,3.910188945,-0.770643161,-0.827997115,1.653694188,1.186850371,0.397505582,-2.417177599,1.184189033,2.052016493,1.494171556,1.068566779,3.104410783,-0.824483093,3.030417983,-0.172944787,3.664207638,0.446805256,3.069407475,1.566648345,1.002715282,-0.44107169,-1.714962928,5.843971243,0.000216629,-0.619235961,3.917935011,4.716764266,1.080141669,-0.879899922,3.388734537,2.141830933,-0.5155034,2.444037223,2.30997049,1.028992981,0.980547751,2.606376756,-1.810998034,-1.10560761,6.005468187,3.284296977,2.570935576,3.874088563,10.71328044,12.31615741,8.563075391,61.85797167,63.40648906,39.70527067,69.05215274,21.48410503,4.202076699,83.34851459,3.943492318,35.65348574,71.02854129,68.67223442,76.4157148,173.4891983,123.4610952,178.0099588,383.8395914,371.1060664,371.5609857,767.8691668,764.9035433,808.2369807,68.74562222,78.11164021,77.27806561,189.2200348,163.3784534,176.3742707,385.4166093,329.0992258,397.9002629,747.7454781,718.1123341,751.4928812,59.76573235,55.96731021,65.05236568,167.550286,155.9926836,173.1813434,314.6961548,329.3827723,322.289852,751.6113404,733.5785929,720.013491
38,-0.563015493,3.12218264,2.153736438,2.95141315,0.233898639,-0.255230597,2.866086791,-2.098717758,-0.714369749,4.607365764,2.43131983,3.357572299,3.440076803,8.010257058,-0.075518208,2.908947918,2.049325271,2.101196779,4.140936478,-3.70036214,0.13938091,4.125411305,-1.705794405,-2.045127395,-0.16175824,7.072717252,3.681552636,1.441832688,1.72721504,2.071468611,0.713720923,-0.452754207,6.589885106,5.878897497,2.728812956,-0.471528457,1.846734416,2.691871764,5.638671942,3.402134402,1.110193862,6.352642142,-0.390937281,2.215474588,6.056418511,0.02812448,3.011296783,2.331166822,27.7633863,33.91548476,21.38139039,81.19292099,109.0139083,75.10015267,157.7176548,57.63036303,-0.53935078,196.2780692,-3.768292733,79.4302433,72.29398804,70.32696625,78.08646365,175.2589627,125.61347,180.0236575,389.690012,374.8015912,375.6975286,783.3858553,777.7605975,823.9484199,68.74425173,77.11804749,76.30189075,188.1945377,163.0363342,176.0167568,385.7190638,328.1000945,396.7828746,749.0882521,721.131205,751.8948348,61.12762469,55.95394211,64.1465749,167.1262315,155.7236467,173.4523326,314.2159353,328.2425889,321.4209465,752.2474089,732.5315024,718.6534706
39,2.234977241,1.100139003,-1.230370088,4.301257849,1.600192469,-2.020533232,3.40666919,0.484385827,2.953916315,-0.296917894,-4.26303858,6.130579918,4.092194418,2.075234476,1.111817838,1.062573193,0.539042413,-2.07199928,3.501330818,-0.10716414,0.964421686,0.34447913,2.749144966,-1.389749831,3.570254512,0.395073264,1.991745516,1.005304925,-0.813964568,2.525327942,3.634792157,4.604029684,1.806450633,2.351768709,3.553148461,5.831218439,3.349911678,0.430466529,1.888810309,1.471147715,0.509005092,1.653113181,3.164033814,-1.397169372,5.439733904,0.819441792,0.366212745,4.132928664,45.82382725,52.35933242,43.15895562,103.4245076,144.8989781,119.6764692,250.1811844,129.2661962,1.686169103,355.8105038,2.009809912,205.2513184,71.26113306,71.09207859,77.03903162,174.898598,126.9439706,179.5480326,391.9214563,375.917644,376.4011446,787.4140197,782.5832484,829.3901109,68.84939983,75.55565183,77.30166107,186.1253375,161.3838828,176.175936,386.6603065,328.0108109,394.7261766,750.6093882,720.936114,752.8728604,59.62970785,55.20719743,63.7612905,166.6652798,155.7000466,173.1822363,313.538366,326.5240252,319.8513033,750.4180111,731.7864098,717.9547258
40,0.996816884,0.672190458,4.023844909,1.824284051,2.34499025,0.209487221,1.633345847,4.920972612,1.001826331,4.687170334,1.413711508,4.766855591,-0.112841027,1.851849449,2.432380958,-2.696689128,-1.034266413,6.140430545,4.222778595,1.989850691,2.2233739,2.123006086,0.205078588,0.457817187,1.442271768,-0.604776487,-0.163489959,0.083688904,0.700749007,-1.494164365,1.217772116,1.975856385,2.274897246,-0.276965795,3.663144082,3.232325367,-2.589016807,-2.345727803,2.737647928,-0.434408876,1.104908687,4.824901404,2.01938162,3.808391466,2.712242913,-4.37007576,3.616165164,4.166579591,57.97544706,64.55832016,61.67485454,132.4044123,167.2699308,153.3239979,331.3277771,228.6207062,2.551615597,556.4238632,5.620532353,361.4693049,71.36115356,71.76663978,77.08586048,175.391866,127.1886097,180.0450605,391.6109953,374.2218001,377.4894969,787.357091,781.8494248,832.6154926,67.35123297,75.42067583,76.47015862,184.1865737,159.9123755,174.5985504,387.9536025,328.4650252,394.6116625,751.3877264,719.2488414,751.124161,58.29817115,53.85256623,63.04176408,165.7837262,154.5665874,171.7474865,313.0323309,325.7269255,318.7781099,749.151132,730.3141948,716.0098693
41,-1.315642547,-3.474385336,1.181536253,0.105413641,2.145432333,0.606551294,-1.79845852,1.6539832,1.545862346,-1.771012704,2.092220754,-0.775101582,2.303926456,0.93426808,4.242638327,-0.834419389,4.187598102,-0.594899714,-0.093348504,-4.259901052,0.225271441,4.032458498,-0.747664193,1.182580349,4.407998919,2.897829429,2.195309294,0.894840455,5.867460052,0.482764859,0.763567244,2.116168711,1.385661572,5.578320526,4.013904868,1.777683333,1.139771498,1.062029779,0.331323676,3.188680829,2.800550939,-2.328884054,0.87153045,1.224466968,1.846700006,5.414902463,0.595732935,-1.579693627,66.10766324,72.92991659,70.43375924,162.943328,175.4949798,171.6599939,377.8402211,309.4439697,-1.291707276,738.8545335,1.62748832,528.089994,71.2856819,71.66482596,75.34948868,173.885286,127.017145,179.3661451,391.2843209,374.4542542,376.9581545,786.5409431,782.5543428,832.9258351,66.06076718,74.84765076,77.58237117,185.2910647,159.3720498,173.7461307,388.7060873,329.867459,394.3407143,750.9905588,718.070962,750.6711302,56.93042881,51.69703567,61.97915736,164.939475,154.0778267,169.6107276,312.4320869,324.2434412,319.0990617,746.987036,730.1864697,715.4540777
42,0.219044711,3.441628059,0.594456362,-1.029373172,3.700116177,0.549927287,-1.353275689,1.961640595,0.817173816,-2.466277865,3.095626138,0.602820934,2.254102703,2.822858056,2.241101994,-0.067016179,-1.925388163,4.529240784,-2.526107834,1.278065984,0.613165592,-2.65296781,0.408697222,2.298872497,2.044766327,-1.531837345,-0.323299224,2.335484095,-0.407934827,2.28931632,-0.153123848,1.755369441,-0.248303953,1.185863722,-0.07725368,1.318215648,2.003512519,2.681615439,1.141370692,1.741771891,0.5607288,2.683161314,1.628976351,3.793498641,1.25968219,4.040327486,0.689259888,-1.578790543,71.62562232,77.70753205,74.66077288,180.0844309,177.954149,179.4440308,398.1320889,361.4351306,0.190472316,856.2493213,-0.161873423,660.9021832,72.09598498,70.48010303,74.26290394,173.8681081,126.5087617,179.4614247,391.568891,374.308298,378.0493053,786.5280567,782.4342711,834.8072477,64.75362827,73.95285405,75.88598048,184.9067918,157.9149092,174.0631943,387.7101461,329.8906983,394.9509313,750.4780805,716.9041828,751.1644804,56.39199091,51.17835097,61.0310012,164.1901181,151.134192,168.3728264,310.3295781,324.7929344,318.0696773,746.610946,729.7753017,715.9240937
43,1.059921592,2.055465007,-0.804909141,1.418462668,3.935835826,1.64219807,0.606955244,-1.584027194,-0.821813614,1.492787638,-3.8717596,3.170618842,-1.460897999,-3.161221234,1.307140432,4.497447913,-0.448484948,0.360832705,2.926086217,-2.274800256,1.6266331,1.797545849,-0.88344206,-6.547066614,-0.072426633,-3.208777894,0.548771123,0.301460217,0.920435651,-1.280307488,4.601401861,2.207077165,0.375499652,0.9562905,0.072304689,0.986613284,1.529320753,-0.780525001,-0.338658791,2.116482178,2.987464693,0.701571835,1.245563961,-1.66327285,-2.4447806,1.80730858,-0.989607388,-0.54904956,74.11764015,80.18527556,75.53818906,190.3999875,179.4810839,181.4357322,407.458963,386.2633929,-2.420327372,907.7608278,4.255109166,741.8076932,71.30783593,69.79744157,74.68423719,173.3699087,125.6353,178.6939064,391.7349089,375.1691554,379.5874652,787.5365316,783.7186903,836.5142494,65.22738076,71.65841318,75.02179969,184.3896371,156.3835332,173.2601126,385.5448311,329.1941582,394.9975847,749.3105703,716.6017173,750.5161589,57.06262906,52.15308393,60.27102712,161.8990014,151.3646096,167.5348453,310.1730233,325.1428905,316.47424,746.2960214,731.2187544,714.6161551
44,0.983776622,4.383431286,3.778339833,-0.241641405,0.223501655,2.784744565,-0.316230055,1.710257361,0.571576315,0.996190342,0.914320474,2.916159665,2.361995204,1.380069398,0.475853828,0.344248329,-3.244219146,1.525753137,2.653044668,-0.293494149,2.533042342,2.353167284,-2.492373458,-1.571896736,-2.673938726,6.31251754,1.249442317,3.030070407,2.791266598,0.686578056,2.305230881,-1.78260623,-2.057258277,1.345170021,3.28438214,4.80403739,3.071361157,2.809329749,-0.448916724,-1.88460573,1.818085455,0.818502375,1.341724311,2.980309666,0.210015239,2.005014407,-2.827707686,3.285026367,75.55747,79.71854487,75.57976901,191.882809,179.3154006,183.0999309,412.8675536,396.5581503,0.566298399,924.5723586,8.300405858,784.942723,69.70816644,67.86740231,75.06534272,172.9666488,124.3365847,179.015867,392.6379264,375.5392151,379.9423004,786.2872194,782.8324292,836.9447007,65.21011044,71.236962,73.1206586,182.6813888,154.9999159,173.0261778,382.572606,326.0740923,395.3195169,748.9311844,713.5248586,749.2319106,54.22135585,51.67587663,59.13071781,160.5918907,151.3317769,166.0365285,310.7761703,325.4048012,313.6549366,747.4008631,730.0512383,711.802888
45,-0.732096276,-2.039972864,-2.644405076,1.293779488,0.44618083,-0.157308892,3.471448383,-2.449034124,-0.344810274,2.863043165,-1.250504971,2.482755329,0.030890026,-0.60636589,1.798473805,0.894056655,-0.912808639,2.890995606,0.937894501,-0.658093672,0.162352419,2.031379158,-2.697582593,0.273198529,1.15139697,1.456061582,3.287425376,-1.427709054,1.480068524,1.065516069,0.26556637,-0.240789864,-0.696059563,-1.687858575,-1.178719348,-4.364929669,-0.978027144,0.222433939,0.533442798,0.843401072,0.517637519,-1.002560238,-1.727491829,-1.696147211,-2.341974909,0.309367338,1.50790995,-0.192392627,74.70803576,78.00373508,76.36971637,193.8210761,178.9992184,182.5798025,416.5190626,400.6181014,1.099709514,932.4359634,-1.975838877,806.2362146,69.4588248,69.11272178,74.3529037,173.0527217,122.6150197,177.6809016,392.4421337,374.0114818,378.6308121,785.668321,782.8039102,837.7727512,64.63942233,71.55919719,73.02209947,184.299282,154.1247396,171.2862796,382.2996997,325.6214938,393.2768497,749.0957341,712.0853609,748.0176154,54.35471262,51.36143581,58.62245184,160.214062,152.4458699,165.7851821,312.7131464,323.4744041,311.945013,747.4619721,727.8937222,710.3046954
46,0.677682802,-2.954793264,1.757264517,1.030134016,-0.734851241,1.02027105,1.605251411,-0.327168663,0.54911728,2.708142754,-1.502748296,0.058278358,-0.308637288,-4.674479778,0.588190602,-0.607070032,1.564914729,-0.56251297,1.359058531,-3.98910473,-1.593050435,0.074403696,-1.513917031,1.438694258,2.302140686,-0.842700249,0.398104751,-0.63756031,-1.578304539,-0.48143836,1.169415995,-0.77027884,-2.692796542,2.761970907,2.338495502,2.349137262,-2.669181453,0.67842492,-1.669066401,2.677374273,1.099358552,-1.00249373,-0.908473953,1.933891249,0.560305685,0.973231422,-1.665800587,-3.000718674,74.20804299,77.30098651,76.84550595,197.5478728,178.8916649,184.0002832,418.598715,404.244197,1.977337523,936.8712389,1.88966829,817.5053751,68.99697857,68.25454725,73.64208271,171.560021,121.8991505,176.124196,392.5078964,373.8197844,377.5131198,785.4268101,782.8617301,837.1645004,64.21355603,72.53158996,72.33702888,184.5180286,153.6885942,170.790199,382.8724849,324.7638337,392.715826,749.6569118,712.0452225,748.3128023,51.5735702,48.54777288,57.76678681,160.1948472,150.2238889,165.1756143,311.7218399,322.986434,310.1460578,746.4359884,727.2560668,709.3106536
47,1.899875773,0.787425293,-0.939600108,1.672550191,0.081757878,-3.253251061,4.596971157,4.72862833,0.030643555,1.599002609,4.280947787,2.796326453,1.09310809,-0.427895734,1.270989942,-0.328529486,1.619796806,1.814942128,-0.716572634,2.249174709,1.615608541,-1.765633236,-2.579742794,2.757924434,2.915016225,1.009082521,2.356899102,2.604748867,-1.679391664,0.822231683,-2.515254817,0.639878531,-1.851264498,2.082434414,0.982870542,0.362361532,-1.079112285,0.759375492,-1.800393251,-1.055819404,-0.971094953,1.93287099,5.277916778,-0.853507494,1.732739744,0.115677062,-1.148166016,0.661873233,73.99909356,77.3628911,77.25182282,199.7366609,180.0239742,182.1205513,419.8386989,404.7929436,-2.843877824,937.5476767,-0.232639243,825.444952,70.12362442,66.978812,72.85907441,172.0731106,122.4122734,175.950017,390.8426489,373.1928152,377.5462812,785.7062383,782.5607604,837.6680858,62.75974531,70.92246961,73.23603191,183.3363896,152.4201046,169.1913987,384.53918,323.1896811,392.5501335,748.3311145,712.9874727,751.21029,51.10380226,49.12400635,57.32961799,158.8663319,149.015849,165.2157545,310.8552625,322.2029319,310.1517122,745.0790107,729.7924576,710.0000098
48,-1.105115448,2.716641906,0.101895754,-2.724084079,-1.942154416,0.522926247,-0.007074235,0.187121629,2.617923825,-0.944927473,6.968291548,-1.492110942,-1.168760858,0.917750591,0.760657025,-1.842050741,-0.789182543,0.795513981,-1.869841795,1.752479687,1.188549998,-1.009228853,-0.038473132,2.955757905,2.891956227,2.51708497,3.047294579,-0.10290806,-1.206666322,-2.575946211,-1.363131629,4.005133352,-2.198795187,-1.045915006,0.846861492,-0.143039079,4.213223621,-0.061636014,-0.405423344,-2.691406714,1.293149144,1.15792321,2.134690102,1.220923661,-1.623732924,1.897038589,0.045719287,2.100219393,73.62646384,76.9591366,77.7727758,197.6788282,179.7706565,183.2051113,418.944536,406.1073956,0.518646592,937.3979311,0.80129927,829.8952012,68.36102814,65.23980193,73.15713245,170.9412292,122.9127823,175.159908,391.9429753,373.8920674,376.9181682,786.4697947,780.2648594,837.7750485,62.24250847,69.48312304,73.07593143,181.0903592,151.8725509,168.3446759,385.5849997,321.214298,392.1491642,749.3393761,712.3984942,750.8853908,49.06065719,48.10988859,56.55959183,157.7431423,148.4281786,162.7758888,309.381856,322.444173,308.5628884,744.8054213,731.4676816,707.3415194
49,-3.334114876,2.797844363,-3.898326951,-2.836631724,-2.167310607,1.010227867,-0.114044988,-1.54028397,-1.879968511,-3.249239407,3.091322649,4.806518379,-1.884526351,-2.605190523,0.719355515,-2.666099093,-3.819585326,-3.235372393,-1.052373635,-1.641147489,-0.10423051,2.800262264,-1.167293129,-3.50428964,-0.186537742,0.546940298,-0.383379164,3.117792394,-1.31566555,3.015246526,2.161081339,-1.808991417,0.360775551,-0.042438765,-0.436131148,-1.462635558,1.46113351,1.522906851,-3.772447065,-1.881246811,0.149245325,-1.095163884,3.097270353,-0.904534424,0.228126951,-0.828155202,4.290426985,-3.335102949,72.46822849,75.27320992,76.66254445,190.8184657,177.4821766,181.0512177,417.9285625,404.2422175,-2.577100567,937.5520951,-1.060911817,831.5806686,67.63175936,65.47730376,71.15265946,170.6307097,121.7327066,174.1739316,390.589333,373.1490647,376.1716494,785.7112175,779.7598719,837.4702815,60.77765573,66.79615408,73.153645,180.9276348,151.5098366,166.9744658,385.0051886,320.6846164,390.4631568,749.6706428,708.9349123,750.457661,49.63959098,48.9050652,55.60183325,156.5676784,148.5154118,162.5397762,309.65897,319.6371304,308.1600158,744.8573414,730.7686553,705.3248772
50,-3.509247928,0.033634705,1.750296117,0.073937877,-2.88352815,2.357181282,-1.498252291,0.769270359,4.239807281,-2.154692672,-1.636245832,-0.612527261,-4.737477702,2.327398445,-1.065378066,-0.314952207,2.581793645,-0.873919186,0.536663071,-0.704264602,3.543093498,-4.492017572,3.62259792,5.356684025,-3.764324698,-0.854579214,0.508912158,1.185036108,1.322209139,1.376598188,-3.920726006,0.507615261,-3.649233756,-0.501935577,-0.507435868,0.223680313,-0.612369758,0.360825312,-1.164968569,-6.327405453,-6.433335617,-0.042749237,0.695313517,1.933394466,1.72111016,-0.749261011,-1.645296133,0.993893715,71.76055306,75.19418515,74.86676083,186.070797,176.4798767,181.8351721,416.027332,404.2566312,1.930642207,937.1857871,3.451255534,833.5643738,66.16503906,65.45281891,70.63565151,167.9570259,121.1534644,173.3816347,392.7222284,372.40377,374.3304772,786.4388362,780.0416266,838.2089407,61.14280355,67.05384554,70.40624417,178.9097215,151.684316,167.1337852,383.3388771,320.7085617,390.7227299,750.3437546,706.865366,747.3833242,49.25424987,46.66760221,55.23545915,157.3201927,146.5745266,160.7310381,309.2089956,318.5831062,306.4559641,745.9565735,729.2137287,703.3901715
51,1.683673636,-0.531580256,-1.459595699,3.169958373,-0.827039001,-0.772013349,-0.645890166,-2.275665859,1.660129819,1.742261576,-1.577893586,-6.698335181,-3.930404832,-1.293557458,0.786335522,1.03338002,1.845480942,-1.901316433,1.452556274,2.751318349,-3.838110341,-0.904868398,1.442688859,-5.487347342,-0.558056419,-2.832429048,0.007738556,-1.051070934,-0.541746242,-1.876391761,-3.06533158,-2.128096584,4.533598226,-2.369833035,-2.380826645,-1.326883775,-0.735127434,-1.048503889,0.970334297,-0.148561683,1.491401763,-2.125561396,-4.357552515,2.144844745,0.027471918,-3.393867149,1.589290434,2.441306439,71.29714618,75.04887529,74.09804551,193.7350007,176.9940528,181.4625351,416.8769549,403.9418545,-3.6081261,937.7774444,2.159090083,836.3298346,66.08985068,64.84907008,69.93221161,168.8291111,119.39382,173.2861725,390.8057078,373.8679973,374.1849361,787.2523874,781.946022,836.2278394,61.38808723,66.50554153,70.06641507,177.4585337,152.252487,166.7317612,381.7912975,320.7163023,390.6172352,747.6296117,707.7572869,748.4677675,48.77091631,46.89162428,53.73683984,156.3729983,146.0511013,161.1288636,307.4835349,318.3083982,306.4778106,745.7596477,728.798071,704.3835156
52,-2.859221349,0.368848701,6.407421899,-1.562311872,0.495863015,0.406855597,-0.333000845,0.857101535,0.18503701,-1.255290779,3.599574549,-1.204324458,1.649320785,1.691465966,0.22415561,1.008839101,-1.252573577,2.358591187,-1.477362972,-3.073327861,2.430455,-0.385694655,-3.233844022,3.66699448,0.309361672,-0.279157645,-2.151417219,-1.49797138,0.344399951,-0.14802025,3.224845224,-0.738034692,0.169710793,-2.179200679,-0.502057706,0.374465546,0.602436522,-1.324737418,-2.27978398,0.58700688,-2.11698751,-1.306828725,-1.095521501,-3.812740473,0.029084545,0.670450984,-0.713095659,0.43724241,72.0937578,74.93809338,74.07213382,199.4455272,175.677349,182.2351397,416.1802846,405.5831649,0.174719116,936.7786585,0.617339967,839.2781797,67.10310434,65.06777218,69.51014673,168.9619944,118.5397051,173.9602337,391.6173304,373.2068649,372.8383824,787.9979893,780.4218918,835.381398,60.51627674,65.93093317,68.59455214,175.867407,150.9331779,166.7183691,380.3643367,320.0659698,389.0936731,746.5262063,710.4047624,748.2763389,47.48047343,45.63241279,53.52392385,155.2384594,145.4387527,158.4987439,305.186902,320.7323484,304.965676,745.0621517,729.6382966,705.6754042
53,0.10408286,0.97672642,-2.524341188,-0.701121976,-1.352145978,-1.229402748,0.899702374,-0.18972425,2.942662438,5.439099993,-4.936239496,5.282832428,-0.27567871,1.474880112,-2.42308968,0.187948648,-1.093634379,1.482669742,-1.645195757,1.567314716,0.767235223,5.14987376,-2.344162406,-1.117663696,-1.801675338,-3.919545426,-1.145644241,-1.413777002,0.407255967,-1.656913101,0.950929539,-2.764790103,-1.867671583,1.830189171,-3.155442181,-0.635501725,-2.0393283,-1.344874196,-4.849981045,0.123895403,-0.190564812,-0.767337697,1.284938315,-2.095721415,-1.649470676,1.13206951,2.552401465,-2.414244044,70.23091055,74.2333465,74.07592311,203.648429,174.1856706,181.6723754,417.1061868,405.4531183,-1.07033636,937.1965585,-1.189008011,838.4161543,66.12465913,64.82118248,67.23536992,168.3926708,116.5370219,173.7490251,389.095139,373.0223821,372.2860103,786.9071915,779.8023039,833.8539887,59.01166071,64.26669011,69.34457176,176.157502,147.7464648,165.6014601,380.7298772,320.4215165,386.1532868,746.5973389,708.4058234,748.3606547,46.67973424,45.9042226,52.87529244,152.2519327,144.6985498,158.0692226,304.8504521,321.1895027,303.4923121,743.6139937,728.9316887,705.03066
54,1.64997473,-1.633611598,-3.282430352,0.66948513,-0.28079153,-0.253670112,3.425605317,0.000560311,-1.197919773,-0.432412692,-0.784941767,0.758160089,2.621641568,-2.232209474,-4.681259752,-2.930434491,-2.789643056,-0.521015586,0.057598956,2.464303046,-1.793338628,-1.880299037,-2.411276196,1.098500009,-3.755469086,-3.57056689,-1.468622965,-2.591159126,-3.676877693,-2.766997938,-0.564912084,-1.515141463,-4.811643472,0.772302433,0.958553484,-0.366909606,-2.544772627,-1.787057213,-1.405123583,2.230974583,-2.284210909,0.590970195,-2.366724368,-2.096162296,1.737221659,-0.769651942,-3.636942603,1.046126579,68.03046004,71.55221035,71.90103029,205.180491,172.6574879,181.0658768,417.0673606,405.6692887,0.22835545,936.258423,-1.300784162,837.6129448,64.66255418,63.55627466,67.05023148,167.4179074,116.0987878,172.2523829,388.2828838,370.3216287,369.6716986,785.8169876,776.9112508,833.3133096,57.20436535,65.48744217,67.31011613,175.7866056,146.541675,164.2494743,380.9601084,320.8012898,385.1646941,746.4753801,705.4568015,747.6447316,45.49426338,43.93167595,53.19252593,152.8100774,142.7117651,156.4035092,305.7466951,320.0804981,301.4784295,742.9367721,727.5540513,702.6292232
55,0.431336749,-5.100351056,-6.114216989,-3.939255216,-0.714595177,-0.711545255,-5.039016851,-0.380868376,1.777165262,0.383965183,-4.333391563,-3.307859356,0.755101575,-2.83263066,-1.141241657,-1.606301171,-1.391121212,-0.011987813,-2.905924858,-3.658485524,-2.289504958,-1.743123112,2.245947616,-1.14913311,-0.250599265,-0.349023601,-1.717753847,-5.321602301,-1.838225921,0.982636654,0.197545576,-5.026630299,0.196635378,-1.975832083,-4.606971482,-0.246661924,-0.169030433,-3.054017366,2.45509727,-4.034077665,-2.707164682,-2.897337918,-0.601894032,-3.042128764,-7.627458194,-3.0187508,-1.472707361,-2.147651646,66.4274233,71.99067804,72.02065761,208.07248,174.3862456,179.70624,417.7059985,404.0724854,-3.234614914,935.8463182,-4.55787964,836.693583,61.93986389,62.18667202,67.09980931,166.4852137,115.0794113,170.8817958,386.1932156,370.4381743,368.558335,785.4529516,776.963567,832.7342355,56.48575254,66.60412645,68.66411063,175.1436005,146.4205299,162.7671617,379.9081997,319.9680667,385.3825662,745.1640496,702.6395126,747.4726514,45.52779114,41.69580599,52.82090948,150.7458797,140.8929161,156.1057092,304.7920633,317.9720361,301.445217,741.8326262,726.0510819,699.6330635
56,0.541098374,1.480291166,-2.242516103,-1.653500512,-0.953477449,-2.206573328,-4.369908922,-5.774597697,2.485531387,-7.155447069,0.463858449,-3.468621324,-4.639043914,-0.108225638,-3.822026664,2.129042299,0.550983815,-1.753156067,-1.04401055,2.360747197,-4.396541737,-3.00080354,-1.623598917,3.79769051,1.788937925,-3.812046383,-0.102513367,-4.352610836,0.935136495,-3.378032109,-3.566027322,-1.730327751,-3.207288568,-5.52454493,-1.799085409,-0.344248996,-1.831906345,-0.367135996,0.81318169,-3.750806909,-2.657372722,-5.744336512,-6.516748982,-1.671819814,-6.40400947,-1.419339907,-1.628781668,-1.890633141,66.37630454,71.84823141,71.27308819,209.6153435,174.7025472,178.7766091,416.5949277,404.7802583,-0.675695181,934.6211059,-4.997456364,835.4749107,62.25449933,61.71648956,67.74380626,167.7342745,115.3370724,168.2944698,384.670676,368.4847695,367.5093327,783.9767868,776.9071191,832.1398347,57.6886477,66.28388465,68.82566796,174.1304162,148.6360995,161.5206201,378.4978132,318.6801634,385.4111391,743.4634611,703.2975081,747.2385074,45.40798976,40.84480946,51.69905211,149.620818,141.2386953,154.8428272,303.9746192,317.9144065,301.6781537,739.9578676,726.1020288,695.7731818
57,-2.04397129,-2.699614608,-1.68182264,-2.195999117,-1.393478573,-3.715654827,-2.507638223,-6.960696241,-6.275525397,-2.583298328,-0.466893263,-0.072227075,-4.969023494,-4.045160579,-3.263224306,-1.56223637,-3.99954948,-3.934335039,-3.093896122,0.680367005,-2.131195789,-4.060323958,-1.723432578,-0.512232672,-2.370862356,-1.449792147,-2.970781567,-4.818416921,-0.593951813,-2.010578235,-1.597798758,-1.09843581,-2.555901785,-2.870731105,-2.169339588,-2.699645463,-1.95944636,-6.119471575,-2.822714043,0.85231804,-3.062283531,-0.963524303,0.840425419,-3.495373586,-3.746289438,-0.859609675,-2.801789614,-3.131977688,66.02844048,72.96319844,71.3256681,209.6482417,176.6339342,176.4519095,414.9601861,404.0301187,-3.262694205,933.1196709,-2.952190255,835.4050999,62.31287113,61.63399663,65.96760313,166.8679872,114.4211498,167.3283358,384.7970972,367.5056276,367.729122,784.3809949,778.558778,832.2333137,57.36958327,63.74076421,67.00564429,173.9111262,147.1932006,160.2958392,375.3707348,315.9337459,382.9147178,743.5520991,701.0927384,745.6097915,44.08449105,39.87747112,50.82650909,147.7084684,141.4695398,153.3963017,302.798027,315.9367305,302.4902706,739.4774781,726.2063849,693.9897487
58,-3.161637549,-1.980420321,-3.427158331,-1.737542517,-5.723337692,-2.204894738,-3.033353351,-3.590563366,-5.364321167,-5.392315525,-3.922331467,-4.411572747,-2.327419931,-3.38963306,-0.693664633,-1.773855171,-3.278971594,-5.26207439,-2.630482691,-1.204791958,-1.415092512,-5.377391382,-1.906774386,0.893184668,-2.944867303,-1.563403684,-6.390241717,-5.443900337,-5.294232178,-5.317657169,-4.043781327,-2.480772966,-6.032912879,-3.131305344,-2.752902776,-0.642602676,-3.619028591,-0.124125752,-1.573472235,-0.726031003,-4.034453222,-3.408549668,-2.675426336,0.050808587,-1.58124133,-3.583328326,-3.194631047,-2.719830495,65.47988992,71.9977147,69.26456766,213.5035478,174.0629955,175.7704781,415.0919935,404.4172068,-2.274730745,931.7352517,-6.797073073,833.5082182,62.36981735,62.11792197,64.5802625,166.9979872,114.9587786,166.1334863,385.2553527,367.4130317,367.5063315,783.4777631,778.921829,833.9934822,57.62404653,60.39853441,64.58856773,170.8169205,145.5665294,159.8360682,375.545343,315.7033213,382.1486596,742.2392107,699.910036,744.6065562,43.70924567,39.4578143,49.28863634,148.5979379,139.9080487,152.6327013,304.4881069,315.0442809,301.3123461,738.7634524,725.7531676,693.4358036
59,0.380477816,-4.127491417,0.103889642,-6.166501704,-0.820371205,-2.257075225,-5.739635342,-0.09773264,-4.524163139,-2.544005134,-0.171283103,1.355686098,-2.291422608,-1.126148545,-1.757624791,-2.394503053,-0.709971367,-2.404564854,-2.209307621,-3.021774456,-0.554741399,-1.574927672,0.592681462,2.224502819,-5.357041655,-4.397167402,-2.830032698,0.358354273,-2.746331753,-2.902843464,-4.02943408,-0.599422774,-2.447591996,-6.576020853,-2.914665946,-0.996211757,-3.775340245,-3.700796162,-3.252660321,-1.587677841,0.830617921,-1.487553143,-6.041447796,-4.058939847,-2.956652939,-7.462582666,-2.860179575,-3.291775664,65.34459026,71.38798386,69.00573729,213.7309805,172.3806046,175.5703646,414.5691892,402.4947989,-7.798125999,931.9706509,-4.528332257,832.9208264,62.5868449,60.93969143,62.08555677,166.1746315,114.3231312,166.1408443,384.8261959,367.4755713,368.1256433,783.5380121,779.765461,835.1120437,55.00644102,60.74200768,62.96367595,171.3878685,144.6248782,158.0190365,375.4263226,315.5135303,380.7118421,742.1236161,697.1747594,746.5869949,42.44840916,38.71220764,50.38681315,149.0895147,139.0746833,151.9065113,304.5923153,313.5094068,300.7862355,740.3253497,724.0979129,695.0891788
60,-0.281555418,-2.505551127,-2.096004153,-1.06556544,-1.172616415,-3.055493359,-1.406951711,-3.541576682,-6.475810666,-0.087612387,-0.889365826,-0.410675302,0.040494665,-6.661140005,-2.437848787,-1.824444021,-1.441090346,-2.434390236,-1.175771875,2.254188999,-5.755330212,0.506337154,-0.04777968,-5.101199743,-1.837813365,-3.07369602,-3.621625114,-4.824695989,-2.446682364,-4.171920796,-5.472139854,2.238708006,-3.259272337,-4.523712929,-2.853231035,-3.615808336,-1.155186143,-6.553985495,-2.351852606,-3.7437895,-1.828827249,-1.002384993,-1.715988394,-1.270668894,-3.568552091,-3.73269217,-5.468747594,-3.439695954,65.64229377,71.65179608,68.58926643,209.9577299,168.9744391,176.5469485,413.3887106,400.2756952,1.938254236,932.8318233,-2.03684908,832.4951073,65.18056079,58.74003893,58.6276304,165.1580039,115.5016751,166.7589999,382.2896486,366.1502703,369.2074379,780.700098,782.0412834,835.2826306,52.94478011,63.56076195,63.53205013,174.6515102,144.8706728,154.6155236,377.5862878,315.919889,381.2784532,742.3435307,695.7482967,751.2297967,41.14217054,40.32660148,52.45589218,147.6101269,140.1619797,150.9161099,305.6711095,313.9365875,301.0044975,742.6988477,722.3371807,696.9787976
